id,total_reads,sample.13a_F730603,sample.15a_F730814,sample.26a_F040644,sample.29a_F260619,sequence
WOLF_000000004,16118,0,9478,0,6640,ttagccctaaacacaagtaattaatataacaaaattattcgccagagtactaccggcaatagcttaaaactcaaaggacttggcggtgctttataccctt
WOLF_000000005,13311,0,0,13311,0,ttagccctaaacataaacattcaataaacaagaatgttcgccagagtactactagcaacagcctgaaactcaaaggacttggcggtgctttacatccct
WOLF_000000006,373,0,0,0,373,ttagccctaaacacaaataattacacaaacaaaattgttcaccagagtactagcggcaacagcttaaaactcaaaggacttggcggtgctttataccctt
WOLF_000000008,8604,8604,0,0,0,ctagccttaaacacaaatagttatgcaaacaaaactattcgccagagtactaccggcaatagcttaaaactcaaaggacttggcggtgctttataccctt
WOLF_000000011,211,0,0,211,0,ttagccctaaacataaacattcaataaacaagaatgttcgccagaggactactagcaatagcttaaaactcaaaggacttggcggtgctttatatccct
WOLF_000000067,52,0,0,52,0,ttagccctaaacatagataattttacaacaaaataattcgccagagtactactagcaacagcctgaaactcaaaggacttggcggtgctttacatccct
WOLF_000000078,135,0,0,14,121,ttagccctaaacataagctattccataacaaaataattcgccagagaactactagcaacagattaaacctcaaaggacttggcagtgctttatacccct
WOLF_000000085,19,0,0,19,0,ttagccctaaacataaacagtcaataaacaaggatgttcgccagagtactactagcaatggcctaaaactcaaaggacttggcggtgctttacatccct
WOLF_000000091,23,23,0,0,0,ctagccttaaacacaaatagttatgcaaacaaaactattcgccagagtactaccggcaatagcttaaaactcaaaggacttggcggtgctttatatccct
WOLF_000000118,518,19,5,493,1,ttagccctaaacatagataattttacaacaaaataattcgccagaggactactagcaatagcttaaaactcaaaggacttggcggtgctttatatccct
WOLF_000000146,4,0,0,0,4,ttagccctaaacctcaacagttaaatcaacaaaactgctcgccagaacactacgagccacagcttaaaactcaaaggacttggcggtgctttataccctt
WOLF_000000149,17,0,0,17,0,ttagccctaaacataaatcagtctataacaaaataattcgccagagaactactagcaacagcttaaaactcaaaggacgtggcggtgctttatatccct
WOLF_000000151,20,1,0,0,19,ttagccctaaacctcaacagttaaatcaacaaaactgctcgccagaacactacgagccacagcttaaaactcaaaggacctggcggtgcttcatatccct
WOLF_000000211,5,0,0,5,0,ttagccctaaacataagctattctataacaaaataattcgccagagaactactagcaacagcttaaaactcaaaggacttggcggtgctttacatccct
WOLF_000000212,13,9,4,0,0,ttagccctaaacatagataattttacaacaaaataattcgccagaggactactagcaatagcttaaaactcaaaggacttggcggtgctttataccctt
WOLF_000000254,41,0,0,0,41,ttagccctaaacacaagtaattaatataacaaaattgttcaccagagtactagcggcaacagcttaaaactcaaaggacttggcggtgctttataccctt
WOLF_000000299,17,0,0,0,17,ttagccctaaacataagctattccataacaaaattattcgccagagtactaccggcaatagcttaaaactcaaaggacttggcggtgctttataccctt
WOLF_000000310,2,0,0,0,2,ttagccctaaacacaagtaattaatataacaaaaatattcgccagagtactacccgcaatagcttaaaactcaaaggacttggcggtgctttatgccctt
WOLF_000000318,27,27,0,0,0,ctagccttaaacacaaatagttatgcaaacaaaactattcgccagagtactaccggcaacagcccaaaactcaaaggacttggcggtgcttcacaccctt
WOLF_000000412,5,5,0,0,0,ttagccctaaacacaaataattatataaacaaaattattcgccagagtactaccggcaacagcccaaaactcaaaggacttggcggtgctttataccctt
WOLF_000000469,19,0,0,19,0,ttagccctaaacataaacattcaataaacaagaatgttcgccagagtactactagcaacagcctgaaactcaaaggacttggcggtgctttacatcc
WOLF_000000529,21,21,0,0,0,ttagccctaaacacaaataattatataaacaaaattattcgccagagtactaccggcaacagcccaaaactcaaaggacttggcggtgcttcacaccctt
WOLF_000000573,5,5,0,0,0,ctagccttaaacacaaatagttatgcaaacaaaactattcgccagagtactacgggcactagctcaaaactcaaagaacttggcggtgctttataccctt
WOLF_000000584,3,0,0,3,0,ttagccctaaacataaacattcaataaacaagaatgttcgccagagtactactagcaacagcctgaaactcaaaggacttggtggtgctttctacccct
WOLF_000000613,8,0,0,8,0,ttagccctaaacgtaaactgcaaactattccataataaaataattcgcccaagaactactagcaacagcttaaaactcaaaggacttggtggtgctttctacccct
WOLF_000000721,5,5,0,0,0,ctagccttaaacacaaatagttatgcaaacaaaactattcgccagaggactactagcaatagcttaaaactcaaaggacttggcggtgctttataccctt
WOLF_000000723,5,0,0,5,0,ttagccctaaacatagataattttacaacaagaatgttcgccagagtactactagcaacagcctgaaactcaaaggacttggcggtgctttacatccct
WOLF_000000737,2,2,0,0,0,ctagccttaaacacaaatagttatgcaaacaaaactattcgccagagtactaccggcaatagcttaaaactcaacgaactcggcggtgctttatcccctt
WOLF_000000839,2,2,0,0,0,ctagccttaaacacaaatagttatgcaaacaaaactattcgccagagtactacaggcaatagcttaaaactcaaagaactcggcggtgctttatgccctt
WOLF_000000846,13,0,0,0,13,ttagccctaaacacaagtaattaatataacaaaataattcgccagagaactactagcaacagattaaacctcaaaggacttggcagtgctttatacccct
WOLF_000000860,8,8,0,0,0,ttagccctaaacacaaataattatataaacaaaactattcgccagagtactaccggcaatagcttaaaactcaaaggacttggcggtgctttataccctt
WOLF_000000866,10,0,0,0,10,ttagccctaaacacaaataattacacaaacaaaattgttcaccagagtactaccggcaatagcttaaaactcaaaggacttggcggtgctttataccctt
WOLF_000000890,13,0,0,13,0,ttagccctaaacataagctattctataacaaaataattcgccagagaactactagcaacagcttaaaactcaaaggacttggcggtgctttatacccct
WOLF_000000911,11,0,0,11,0,ttagccctaaacataaaccattctataacaaaataattcgccagagaactactagcaacagcttaaaactcaaaggacttggcggtgctttatatccct
WOLF_000000960,6,0,0,6,0,ttagccctaaacataaacattcaataaacaaggatgttcgcaagagtactactagcaatggcctaaaactcaaaggacttggtggtgctttacatccct
WOLF_000000969,3,0,0,0,3,ttagccctaaacataagctattccataacaaaataattcgccagagaactactagcaatagcttaaaactcaaaggacttggcggtgctttataccctt
WOLF_000000975,3,0,0,3,0,ttagccctaaacataaaccattctataacaaaataattcgccagaggactactagcaatagcttaaaactcaaaggacttggcggtgctttatatccct
WOLF_000000984,2,0,0,0,2,ttagccctaaacataagctattccataacaaaataattcaccagagtactagcggcaacagcttaaaactcaaaggacttggcggtgctttataccctt
WOLF_000001014,27,0,0,0,27,ttagccctaaacacaaataattacacaaacaaaattattcgccagagtactaccggcaatagcttaaaactcaaaggacttggcggtgctttataccctt
WOLF_000001095,2,2,0,0,0,ctagccttaaacacaaatagttatgcaaacaaaactattcgccagagtactaccggcaatagctcaaaactcaaagaacttggcggtgctttatgccctt
WOLF_000001115,2,0,1,0,1,ttagccctaaacacaagtaattaatataacaaaataattcgccagaggactactagcaatagcttaaaactcaaaggacttggcggtgctttatatccct
WOLF_000001125,3,0,0,3,0,ttagccctaaacataagctattccataacaaaataattcgccagagaactactagcaacagattaaacctcaaaggacttggcggtgctttacatccct
WOLF_000001131,15,0,0,15,0,ttagccctaaacataaacattcaataaacaagaatgttcgccagagtactactagcaatggcctaaaactcaaaggacttggcggtgctttacatccct
WOLF_000001152,2,2,0,0,0,ctagccttaaacacaaatagttatgcaaacaaaactatacgccagagtactaccggcgatagcttaaaacgcaaaggacttggcggtgctttataccctt
WOLF_000001257,3,0,2,0,1,ttagccctaaacacaagtaattaatataacaaaattattcgccagagtactacaggcaatagcttaaaactcacagaactaggcggtgctttatcccctt
WOLF_000001296,8,0,0,8,0,ttagccctaaacataaatcattctataacaaaataattcgccggagaactactaggaacagcttaaaactcaaaggacttggcggtgccttacgtccct
WOLF_000001378,2,0,0,2,0,ttagccctaaacataagctattccataacaaaataattcgccagaggactactagcaatagcttaaaactcaaaggacttggcggtgctttatatccct
WOLF_000001379,2,0,0,2,0,ttagccctaaacataaacattcaataaacaagaatgttcgccggagaactactaggaacagcttaaaactcaaaggacttggcggtgctttacatccct
WOLF_000001410,2,0,0,2,0,ttagccctaaacataaacattcaataaacaagaatgttcgccagagtactactagcaacagcctgaaactaaaagaacttggcggtgctttacgtccct
WOLF_000001446,3,0,0,3,0,ttagccctaaacataaatcagtctataacaaaataattcgccagaggactactagcaatagcttaaaactcaaaggacttggcggtgctttatatccct
WOLF_000001470,2,0,0,2,0,ttagccctaaacatagataattttacaacaaaataattcgccagagaactactagcaacagcttaaaactcaaaggacttggcggtgctttatatccct
WOLF_000001498,10,10,0,0,0,ctagccttaaacacaaatagttatgcaaacaaaactattcgccagaggactactagcaatagcttaaaactcaaaggacttggcggtgctttatatccct
WOLF_000001509,7,0,0,7,0,ttagccctaaacataaacattcaataaacaaaataattcgccagaggactactagcaatagcttaaaactcaaaggacttggcggtgctttatatccct
WOLF_000001518,2,0,0,2,0,ttagccctaaacataaacattcaataaacaagaatgtccgccagagtactactagcaccagcctgaaactcaaagggcttggcggtgctttacatcc
WOLF_000001553,2,0,0,0,2,ttagccctaaacacaagtaattaatataacaaaattatccgccagagtactaccgtcaagagcttaaaactcaaaggactgggcggtgctttataccctt
WOLF_000001590,16,16,0,0,0,ctagccttaaacacaaatagttatgcaaacaaaactattcgccagagtactaccggcaatagcttaaaactcaaaggacttggcggtgcttcacaccctt
WOLF_000001747,3,0,0,3,0,ttagccctaaacataaacattcaataaacaaaataattcgccagaggactactagcaacagcctgaaactcaaaggacttggcggtgctttacatccct
WOLF_000001942,2,0,0,2,0,ttagccctaaacataaacattcaagaaacaagaatgttcaccagagtactactagcaatggcctaaaactcaaaggacttggcagtgctttacatccct
WOLF_000002050,6,6,0,0,0,ctagccttaaacacaaatagttatgcaaacaaaactattcgccagagtactaccggcaacagcccaaaactcaaaggacttggcggtgctttataccctt
WOLF_000002388,3,0,0,3,0,ttagccctaaacataagctattccataacaaaataattcgccagagtactactagcaacagcctgaaactcaaaggacttggcggtgctttacatccct
WOLF_000002474,3,0,0,3,0,ttagccctaaacataaatcattctataacaaaataattcgccggagaactactaggaacagcttaaaactcaaaggacttggcggtgctttacatccct
WOLF_000002576,3,3,0,0,0,ctagccttaaacacaaatagttatgcaaacaaaactattcgccagagtactaccggcaatagctcacaactcaaaggacttggcggtgctttatgccctt
WOLF_000003258,2,0,0,2,0,ttagccctaaacataaacattcaataaacaagaatgttcgccagagtactactagcaacagcctgaaactcaaagaactcggtgctttacatccct